Service,Percentage
Table Booking,12.124384881164275
Online Delivery,25.662234321013504
